cant_nros	k=1	k=3	k=7			repeticion
10	0.40117	0.18767	0.99174		0
100	0.48445	0.243114 0.124056	0
1000 0.49826 0.24849 0.12350	256
AHORA LA DISTRIBUCION BUENA
1000 0.48554 0.24400 0.124784	0
100  0.44104 0.22325 0.126875	0
10	 0.34847 0.13268 0.034876	0
 
